name,address,latitude,longitude,stars,good_for_meal,price,cuisine_1,cuisine_2,flavor,freshness,service,environment,value
&pizza - Walnut,430 Walnut St,39.9492067124,-75.1659201062,4.5,"latenight, lunch, dinner",$$,Pizza,Vegetarian,good flavor,good freshness,average service,good environment,good value
1225Raw Sushi and Sake Lounge,1225 Sansom St,39.9498493,-75.1615489,3.5,dinner,$$,Japanese,Korean,average flavor,average freshness,below average service,good environment,below average value
2nd Story Brewing,117 Chestnut St,39.9484739,-75.1435556,4.0,"latenight, lunch, dinner",$$,American (New),Not Applicable,good flavor,good freshness,average service,good environment,good value
48th Street Grille,310 S 48th St,39.9531368,-75.2186607,4.5,"lunch, dinner",$$,American (New),Seafood,good flavor,good freshness,average service,good environment,average value
A La Mousse,145 N 11th St,39.9552167,-75.1574268,4.5,dessert,$$,Not Applicable,Not Applicable,good flavor,good freshness,average service,good environment,average value
a.kitchen,135 S 18th St,39.950323,-75.170538,3.5,dinner,$$$,Modern European,American (New),good flavor,good freshness,average service,good environment,average value
Abe Fisher,1623 Sansom St,39.9507508655,-75.1682812761,4.5,dinner,$$$,Modern European,Not Applicable,excellent flavor,excellent freshness,good service,good environment,good value
Abyssinia,229 S 45th St,39.9541658,-75.2116004,3.5,dinner,$$,Ethiopian,Not Applicable,good flavor,good freshness,below average service,below average environment,good value
Aki Nom Nom Sushi & Ramen,1210 Walnut St,39.948896,-75.1611319,3.5,"lunch, dinner",$$,Japanese,Not Applicable,average flavor,below average freshness,below average service,average environment,average value
Aksum Cafe,4630 Baltimore Ave,39.9485474,-75.2163663,4.0,"dinner, brunch",$$,Mediterranean,Vegetarian,average flavor,average freshness,below average service,average environment,below average value
Alma de Cuba,1623 Walnut St,39.9500808,-75.1685265,4.0,dinner,$$$,Latin American,Cuban,good flavor,good freshness,good service,good environment,average value
Almaz Cafe,140 S 20th St,39.9506628,-75.1739332,4.0,"lunch, dinner",$$,Ethiopian,American (Traditional),good flavor,good freshness,excellent service,good environment,good value
Alyan's Restaurant,603 S 4th St,39.9414081509,-75.1490631994,4.0,"lunch, dinner",$,Middle Eastern,Not Applicable,good flavor,good freshness,average service,average environment,excellent value
Amada,217 Chestnut St,39.9485863525,-75.1449131188,4.0,dinner,$$,Spanish,Iberian,good flavor,good freshness,average service,good environment,average value
American Sardine Bar,1800 Federal St,39.936536,-75.17375,4.0,"latenight, dinner",$$,American,Not Applicable,good flavor,good freshness,average service,good environment,good value
Amma's South Indian Cuisine,1518 Chestnut St,39.950914,-75.1664173,4.0,"lunch, dinner",$$,Indian,Not Applicable,excellent flavor,good freshness,average service,good environment,good value
Anastasi Seafood,1101 S 9th St,39.936139,-75.158194,4.0,"lunch, dinner",$$,Seafood,Not Applicable,good flavor,excellent freshness,below average service,average environment,good value
Angelo's Pizzeria,736 S 9th St,39.9406517812,-75.1576136221,4.5,"lunch, dinner",$$,Not Applicable,Not Applicable,excellent flavor,excellent freshness,average service,average environment,good value
Animo Juice,1701 Arch St,39.9551232973,-75.1681293836,4.0,"lunch, breakfast",$$,Vegan,Mexican,good flavor,good freshness,average service,good environment,average value
Ants Pants Café,2212 S St,39.9451562,-75.179105,4.0,"lunch, brunch, breakfast",$$,Not Applicable,Not Applicable,good flavor,good freshness,average service,average environment,average value
Apricot Stone,"1040 N American St, Ste 601",39.9673315908,-75.1404441921,4.5,"dessert, dinner",$$,Mediterranean,Armenian,excellent flavor,excellent freshness,good service,good environment,excellent value
Baby Blues BBQ Philly,3432 Sansom St,39.953630921,-75.1929846337,3.5,"lunch, dinner",$$,Barbeque,Soul Food,average flavor,average freshness,below average service,average environment,below average value
Banana Leaf,1009 Arch St,39.9537784576,-75.157045316,3.5,dinner,$$,Asian Fusion,Not Applicable,average flavor,average freshness,average service,average environment,average value
Bank & Bourbon,1200 Market St,39.9517241479,-75.1601829009,3.5,"dinner, brunch",$$$,American (New),Not Applicable,good flavor,good freshness,average service,good environment,average value
Bar Bombón,133 S 18th St,39.9506592976,-75.1705476767,4.0,"lunch, dinner",$$,Latin American,Not Applicable,good flavor,good freshness,average service,good environment,average value
Bar Hygge,1720 Fairmount Ave,39.9671254924,-75.1661240918,4.5,"dinner, brunch",$$,Comfort Food,Not Applicable,good flavor,good freshness,good service,excellent environment,average value
Bar-Ly Chinatown,101 N 11th St,39.9540709,-75.1576818,4.0,"latenight, dinner",$$,American (New),Not Applicable,average flavor,average freshness,average service,good environment,good value
Barbuzzo,110 S 13th St,39.950007,-75.1621577,4.5,dinner,$$,Italian,Mediterranean,good flavor,good freshness,average service,average environment,good value
Barcade,1114 Frankford Ave,39.9673696,-75.1345292,3.5,,$$,Mexican,Not Applicable,good flavor,average freshness,average service,average environment,good value
Barcelona Wine Bar Passyunk,1709 E Passyunk Ave,39.9280846,-75.1652545,4.5,"latenight, dinner",$$$,Spanish,Not Applicable,good flavor,good freshness,good service,good environment,average value
Barclay Prime,237 S 18th St,39.9487096,-75.1708743,4.5,dinner,$$$$,Steakhouses,Not Applicable,excellent flavor,excellent freshness,good service,good environment,average value
Barra Rossa Ristorante,929 Walnut St,39.9485666341,-75.157169,3.5,dinner,$$,Italian,Not Applicable,average flavor,average freshness,below average service,average environment,average value
Beck's Cajun Cafe,51 N 12th St,39.9533224742,-75.1590000821,4.0,lunch,$$,Cajun/Creole,Not Applicable,good flavor,good freshness,good service,good environment,good value
Beiler's Bakery,51 N 12th St,39.953764,-75.159218,4.5,Unknown,$,Not Applicable,Not Applicable,excellent flavor,excellent freshness,good service,good environment,excellent value
Bellini,220 S 16th St,39.949084,-75.167867,3.0,dinner,$$,Italian,Not Applicable,average flavor,average freshness,below average service,below average environment,below average value
Bibou,1009 S 8th St,39.9365031566,-75.1566941459,4.5,dinner,$$$,French,Not Applicable,good flavor,good freshness,good service,good environment,good value
Bing Bing Dim Sum,1648 E Passyunk Ave,39.9289898,-75.1647415,4.0,dinner,$$,Asian Fusion,Chinese,good flavor,good freshness,average service,good environment,average value
Bistro Romano,120 Lombard St,39.9419372505,-75.1446834884,4.0,dinner,$$,Italian,Mediterranean,good flavor,good freshness,good service,excellent environment,good value
Bistrot La Minette,623 S 6th St,39.9414622968,-75.1523852348,4.5,dinner,$$$,French,Breakfast & Brunch,excellent flavor,excellent freshness,good service,excellent environment,good value
Black & Brew,1523 E Passyunk Ave,39.9302929,-75.1627686,4.0,"lunch, brunch, breakfast",$,Breakfast & Brunch,Not Applicable,good flavor,average freshness,average service,average environment,average value
Bleu Sushi,262 S 10th St,39.9463986271,-75.157800703,4.5,"lunch, dinner",$$,Asian Fusion,Japanese,average flavor,average freshness,below average service,average environment,average value
Blue Corn,940 S 9th St,39.9377652566,-75.1583243076,4.5,"lunch, dinner",$$,Mexican,Not Applicable,good flavor,good freshness,good service,good environment,good value
Bluestone Lane,1701 Locust St,39.9489487,-75.1695317,4.0,"lunch, brunch, breakfast",$$,Australian,Not Applicable,good flavor,good freshness,average service,average environment,average value
Bonchon Philadelphia,1020 Cherry St,39.954502,-75.15699,3.5,"latenight, lunch, dinner",$$,Asian Fusion,Korean,good flavor,average freshness,below average service,average environment,average value
Booker's Restaurant and Bar,5021 Baltimore Ave,39.948041,-75.2242388,3.5,"dessert, lunch, dinner, brunch",$$,American (Traditional),American (New),good flavor,good freshness,average service,good environment,average value
Bottle Bar East,1308 Frankford Ave,39.970471,-75.134725,4.0,"latenight, lunch, dinner",$$,American (Traditional),Not Applicable,good flavor,good freshness,average service,good environment,average value
Bourbon & Branch,705 N 2nd St,39.96207,-75.14104,4.0,"lunch, dinner, brunch",$$,American (Traditional),Not Applicable,good flavor,average freshness,average service,good environment,good value
Branzino Italian Ristorante,261 S 17th St,39.9480133,-75.1693585,3.5,dinner,$$,Italian,Not Applicable,average flavor,average freshness,below average service,good environment,below average value
Brauhaus Schmitz,718 South St,39.9423058586,-75.1546984195,4.0,dinner,$$$,German,Not Applicable,good flavor,good freshness,average service,good environment,average value
Bredenbeck's Bakery & Ice Cream Parlor,8126 Germantown Ave,40.0724995,-75.202403,4.0,Unknown,$$,Not Applicable,Not Applicable,average flavor,average freshness,below average service,good environment,average value
BRÜ Craft & Wurst,1318 Chestnut St,39.9503152253,-75.1624865435,3.5,"latenight, lunch, dinner",$$,German,Not Applicable,good flavor,average freshness,below average service,average environment,average value
Bubblefish,909 Arch St,39.9536791,-75.1551081,4.0,"dessert, lunch, dinner",$$,Japanese,Taiwanese,average flavor,average freshness,below average service,average environment,average value
Bud & Marilyn's,1234 Locust St,39.947787,-75.162293,4.0,"dinner, brunch",$$,American (Traditional),Not Applicable,good flavor,good freshness,average service,good environment,good value
Buddakan,325 Chestnut St,39.9489186,-75.1471667,4.0,dinner,$$$,Asian Fusion,Chinese,good flavor,good freshness,average service,excellent environment,average value
Buena Onda,1901 Callowhill St,39.9609147337,-75.1708267829,4.0,lunch,$$,Mexican,Not Applicable,good flavor,good freshness,average service,good environment,average value
BurgerFi,1200 Arch St,39.9535213,-75.1597442,3.0,"lunch, dinner",$$,American (New),American (Traditional),average flavor,average freshness,below average service,average environment,below average value
Butcher and Singer,1500 Walnut St,39.9493338,-75.1661758,4.5,dinner,$$$$,American (Traditional),Not Applicable,good flavor,good freshness,good service,excellent environment,good value
Butcher Bar,2034 Chestnut St,39.9520301,-75.1748960093,4.0,dinner,$$,Not Applicable,Not Applicable,good flavor,good freshness,average service,good environment,average value
By George! Pizza Pasta & Cheesesteaks,51 N 12th St,39.9532222415,-75.1594696319,4.0,lunch,$$,Italian,Not Applicable,good flavor,good freshness,average service,good environment,good value
Byblos,116 S 18th St,39.9511992,-75.1706583,3.0,latenight,$$,Mediterranean,Middle Eastern,below average flavor,below average freshness,bad service,below average environment,below average value
Cactus Restaurant & Bar,4243 Main St,40.0245627,-75.2209958,3.0,dinner,$$,Mexican,Tex-Mex,average flavor,average freshness,below average service,average environment,average value
Cafe Diem,1031 S 8th St,39.9362435,-75.15667,4.5,lunch,$,Vietnamese,Not Applicable,good flavor,good freshness,average service,average environment,good value
Cafe La Maude,816 N 4th St,39.963948,-75.144364,4.5,"lunch, brunch, breakfast",$$,Mediterranean,American (New),excellent flavor,excellent freshness,good service,good environment,good value
Cafe Lift,428 N 13th St,39.960346,-75.159706,4.0,"brunch, breakfast",$$,American (New),Not Applicable,good flavor,good freshness,average service,average environment,good value
Cafe Olé,147 N 3rd St,39.9535194938,-75.1448114998,4.0,"lunch, brunch, breakfast",$$,Mediterranean,Not Applicable,good flavor,good freshness,average service,good environment,good value
Cafe Ynez,2025 Washington Ave,39.9394117528,-75.1773281189,4.5,"lunch, dinner, brunch",$$,Mexican,Not Applicable,good flavor,good freshness,average service,good environment,good value
Café Soho,468 W Cheltenham Ave,40.0550205,-75.1260334,4.0,"latenight, dinner",$$,Asian Fusion,Japanese,good flavor,good freshness,below average service,average environment,average value
Café y Chocolate,1532 Snyder Ave,39.924584,-75.172676,4.5,"lunch, brunch",$$,Mexican,Not Applicable,good flavor,good freshness,average service,good environment,good value
Campo's Philly Cheesesteaks,214 Market St,39.9497014,-75.1442745,3.5,lunch,$$,Not Applicable,Not Applicable,average flavor,average freshness,below average service,average environment,below average value
Cantina Dos Segundos,931 N 2nd St,39.9648195,-75.1402322,4.0,dinner,$$,Mexican,Not Applicable,good flavor,good freshness,average service,good environment,average value
Cantina Los Caballitos,1651 E Passyunk Ave,39.9288976,-75.1644726699,3.5,dinner,$$,Mexican,Not Applicable,average flavor,average freshness,below average service,average environment,average value
Caribou Cafe,1126 Walnut St,39.9487531332,-75.1600949582,3.0,dinner,$$,French,Not Applicable,average flavor,average freshness,below average service,good environment,below average value
Carmen's Famous Italian Hoagies,12th St & Arch St,39.9532735358,-75.1593375206,3.5,lunch,$$,Italian,Not Applicable,average flavor,average freshness,average service,average environment,average value
Cedar Park Cafe,4914 Baltimore Ave,39.94796,-75.22198,4.0,"lunch, brunch, breakfast",$,Not Applicable,Vegetarian,average flavor,average freshness,below average service,average environment,good value
Cedar Point Bar and Kitchen,2370 E Norris St,39.9768423,-75.1277643,4.0,"lunch, dinner, brunch",$$,American (Traditional),Southern,average flavor,average freshness,below average service,good environment,average value
Chabaa Thai Bistro,4343 Main St,40.025630123,-75.2234600857,4.0,dinner,$$,Thai,Noodles,good flavor,good freshness,average service,good environment,average value
Chapterhouse Café & Gallery,620 S 9th St,39.9419516309,-75.1573562007,4.5,Unknown,$$,Not Applicable,Not Applicable,good flavor,good freshness,average service,good environment,average value
Charlie Was a Sinner,131 S 13th St,39.9495123,-75.1617661,4.0,"latenight, dinner",$$,American (Traditional),Vegan,good flavor,good freshness,average service,good environment,average value
Chart House,555 S Columbus Blvd,39.9411270506,-75.1404787123,2.5,dinner,$$$,American,Seafood,average flavor,average freshness,below average service,good environment,below average value
Chickie's & Pete's,1526 Packer Ave,39.9114175,-75.1745111,3.5,"lunch, dinner",$$,American (New),Not Applicable,average flavor,average freshness,below average service,average environment,average value
Chickie's and Pete's,8500 Essington Ave,39.8774228729,-75.2405207186,2.5,"lunch, dinner",$$,American (Traditional),Seafood,average flavor,below average freshness,below average service,average environment,average value
Chima Steakhouse,1901 John F Kennedy Blvd,39.9547768017,-75.1726724432,3.5,dinner,$$$$,Brazilian,American (New),good flavor,average freshness,average service,good environment,average value
Chubby Cattle,146 N 10th St,39.9550104,-75.1561342,4.5,"dessert, latenight, lunch, dinner",$$$,Asian Fusion,Not Applicable,good flavor,good freshness,average service,good environment,average value
Chubbys Steaks,5826 Henry Ave,40.0291319,-75.2063122,4.0,"lunch, dinner",$$,Not Applicable,Not Applicable,good flavor,good freshness,average service,average environment,good value
Circles Contemporary Asian,1516 Tasker St,39.9306471,-75.1707286,3.5,Unknown,$$,Asian Fusion,Thai,good flavor,good freshness,average service,average environment,average value
Circles Contemporary Thai,812 N 2nd St,39.9633982,-75.1411529,3.5,dinner,$$,Asian Fusion,Thai,average flavor,average freshness,below average service,average environment,below average value
City Tap House,100 N18th St,39.9557454576,-75.1698437,4.0,"lunch, dinner",$$,American (New),Not Applicable,good flavor,good freshness,average service,good environment,average value
Cleavers,108 S 18th St,39.9514103,-75.1706011,4.0,"lunch, dinner",$$,Not Applicable,Not Applicable,good flavor,good freshness,average service,good environment,good value
Con Murphy's,1700 Benjamin Franklin Pkwy,39.95602,-75.167795,3.5,"latenight, lunch, dinner",$$,Irish,Not Applicable,average flavor,average freshness,below average service,average environment,average value
Copabanana,344 South St,39.9415037,-75.1489862,2.5,"latenight, lunch, dinner",$$,American (Traditional),Not Applicable,below average flavor,below average freshness,below average service,bad environment,below average value
Copabanana,4000 Spruce St,39.9515586,-75.2032578,3.0,"latenight, dinner",$$,American (Traditional),Not Applicable,average flavor,below average freshness,below average service,below average environment,below average value
Cosmi's Deli,1501 S 8th St,39.9302586,-75.1579964,4.0,"lunch, dinner",$$,Not Applicable,Not Applicable,excellent flavor,good freshness,average service,average environment,good value
Crazy Sushi,1837 Chestnut St,39.952045,-75.17167,4.0,"lunch, dinner",$$,Japanese,Not Applicable,good flavor,good freshness,average service,good environment,good value
Cuba Libre Restaurant & Rum Bar - Philadelphia,10 S 2nd St,39.949589,-75.14391,3.5,dinner,$$$,Cuban,Latin American,good flavor,good freshness,average service,good environment,average value
Dalessandro’s Steaks & Hoagies,600 Wendover St,40.029494,-75.2059714,4.0,"lunch, dinner",$$,Not Applicable,Not Applicable,good flavor,good freshness,average service,average environment,good value
Dan Dan,126 S 16th St,39.950247,-75.167598,4.0,"lunch, dinner",$$,Chinese,Taiwanese,good flavor,good freshness,average service,good environment,average value
Dante & Luigi's,762 S 10th St,39.9400687845,-75.1594229629,4.0,dinner,$$,Italian,Not Applicable,good flavor,good freshness,average service,excellent environment,average value
Dave & Buster's,325 N Christopher Columbus Blvd,39.9570239499,-75.1374835117,2.5,"latenight, dinner",$$,American (Traditional),Not Applicable,below average flavor,below average freshness,below average service,below average environment,below average value
David's Mai Lai Wah,1001 Race St,39.95549425,-75.1559746,3.0,latenight,$$,Chinese,Seafood,average flavor,below average freshness,bad service,below average environment,average value
Day By Day,2101 Sansom St,39.9516785914,-75.1757079913,4.0,brunch,$$,American (Traditional),Not Applicable,good flavor,good freshness,average service,average environment,average value
Del Frisco's Double Eagle Steakhouse,1428-1432 Chestnut St,39.9509564,-75.1654591,4.0,dinner,$$$$,American (Traditional),Seafood,average flavor,good freshness,below average service,good environment,below average value
Del Rossi's Cheesesteak,538 N 4th St,39.9615077,-75.1450865,3.5,"latenight, lunch, dinner",$$,Not Applicable,Not Applicable,average flavor,average freshness,below average service,good environment,average value
Devil's Alley Bar & Grille,1907 Chestnut St,39.95214,-75.1722162,3.5,dinner,$$,American (New),Not Applicable,average flavor,average freshness,average service,good environment,average value
Devil's Den,1148 S 11th St,39.9358085,-75.1620574,3.5,dinner,$$,American (Traditional),Not Applicable,average flavor,average freshness,below average service,good environment,average value
Devon Seafood Grill,225 S 18th St,39.94949,-75.17066,3.5,dinner,$$$,Seafood,Not Applicable,good flavor,good freshness,average service,good environment,average value
Di Bruno Bros.,1730 Chestnut St,39.951311,-75.1700653,4.0,Unknown,$$,American (New),Italian,good flavor,good freshness,average service,good environment,average value
Dim Sum Garden,1020 Race St,39.955399,-75.156727,4.0,"lunch, dinner",$$,Asian Fusion,Chinese,good flavor,average freshness,average service,average environment,good value
Dim Sum House,1930 Chestnut St,39.9518328,-75.173394,4.0,dinner,,Asian Fusion,Not Applicable,good flavor,good freshness,average service,good environment,average value
Dim Sum House,"3939 Chestnut St, Fl 2",39.9557715,-75.2016544,4.0,"lunch, dinner",$$,Chinese,Cantonese,good flavor,good freshness,average service,good environment,average value
Distrito,3945 Chestnut St,39.9558813,-75.2020031,3.5,dinner,$$,Mexican,Not Applicable,good flavor,good freshness,average service,good environment,average value
Dizengoff,1625 Sansom St,39.9506511,-75.1683346,4.5,lunch,$$,Middle Eastern,Not Applicable,excellent flavor,excellent freshness,good service,good environment,good value
Dock Street Brewery,701 S 50th St,39.9477306374,-75.2227761947,4.0,dinner,$$,American (New),Not Applicable,good flavor,good freshness,average service,average environment,average value
Doma,1822 Callowhill St,39.9602728,-75.1692394,4.0,dinner,$$,Korean,Japanese,good flavor,good freshness,good service,good environment,average value
Double Knot,120 S 13th St,39.9496993,-75.162185,4.5,dinner,$$$,Japanese,Not Applicable,excellent flavor,excellent freshness,good service,excellent environment,good value
Down Home Diner,51 N 12th St,39.9530183899,-75.1594000959,3.0,"lunch, breakfast",$$,American (New),Not Applicable,average flavor,below average freshness,below average service,average environment,below average value
Drinker's Pub,1903 Chestnut St,39.9521221,-75.1720791,3.5,latenight,$,Not Applicable,Not Applicable,average flavor,average freshness,average service,below average environment,good value
Dutch Eating Place,1136 Arch St,39.9534618209,-75.1593213069,4.5,"lunch, brunch, breakfast",$$,Breakfast & Brunch,Not Applicable,excellent flavor,excellent freshness,excellent service,good environment,excellent value
E Mei Restaurant,915 Arch St,39.9536815,-75.1554273,4.0,"lunch, dinner",$$,Chinese,Szechuan,excellent flavor,good freshness,average service,good environment,good value
Earth Bread + Brewery,7136 Germantown Ave,40.059176,-75.1904467,4.0,dinner,$$,American (New),Not Applicable,good flavor,good freshness,average service,good environment,average value
Effie's Restaurant,1127 Pine St,39.9451062,-75.1606111,3.5,dinner,$$,Mediterranean,Greek,average flavor,average freshness,below average service,good environment,average value
Ekta Indian Cuisine,1142 Crease St,39.9692049,-75.1325733,4.0,dinner,$$,Indian,Pakistani,excellent flavor,good freshness,good service,average environment,good value
El Camino Real,1040 N 2nd St,39.9673004,-75.1403984,3.5,dinner,$$,Mexican,Tex-Mex,good flavor,good freshness,average service,good environment,good value
El Jarocho,1138 S 13th St,39.936492,-75.165011,4.0,"lunch, dinner",$,Mexican,Not Applicable,good flavor,good freshness,average service,average environment,good value
El Poquito,8201 Germantown Ave,40.0735965366,-75.2026142093,3.0,dinner,$$,Mexican,Not Applicable,average flavor,average freshness,below average service,good environment,below average value
El Rey,2013 Chestnut St,39.9522598,-75.1740323,3.5,dinner,$$,Mexican,Tex-Mex,average flavor,average freshness,average service,good environment,average value
El Vez,121 S 13th St,39.9497020026,-75.1617702842,4.0,dinner,$$,Mexican,Not Applicable,good flavor,good freshness,average service,good environment,average value
Elixr Coffee Roasters,207 S Sydenham St,39.9493333403,-75.1667326512,4.5,,$,Not Applicable,Not Applicable,excellent flavor,excellent freshness,good service,good environment,good value
Entree BYOB,1608 South St,39.9440110213,-75.1691403878,4.5,dinner,$$$,American (New),Italian,good flavor,good freshness,average service,average environment,good value
Erawan Thai Cuisine,123 S 23rd St,39.951799,-75.178213,3.5,"lunch, dinner",$$,Thai,Not Applicable,good flavor,good freshness,average service,average environment,average value
Estia,1405 Locust St,39.9483920508,-75.1653502258,4.0,dinner,$$$,Mediterranean,Greek,excellent flavor,excellent freshness,good service,excellent environment,good value
Evil Genius Beer,1727 N Front St,39.9757885,-75.133938,4.0,lunch,$$,Not Applicable,Not Applicable,good flavor,good freshness,average service,good environment,good value
Fadó Irish Pub,1500 Locust St,39.9483513654,-75.1666795343,3.5,latenight,$$,Irish,Not Applicable,average flavor,average freshness,average service,average environment,average value
Famous 4th Street Delicatessen,700 S 4th St,39.9404915,-75.1496827,4.0,"lunch, brunch, breakfast",$$,Not Applicable,Not Applicable,good flavor,good freshness,average service,average environment,good value
Fare,2028 Fairmount Ave,39.967061,-75.171243,3.5,dinner,$$,American (New),Vegetarian,good flavor,good freshness,average service,good environment,average value
Fat Salmon,719 Walnut St,39.9481318,-75.153395,4.5,dinner,$$,Japanese,Not Applicable,average flavor,below average freshness,average service,average environment,average value
Federal Donuts,701 N Seventh St,39.9641791314,-75.1494241306,4.0,"lunch, breakfast",$,Not Applicable,Not Applicable,good flavor,good freshness,average service,good environment,average value
Federal Donuts,3428 Sansom St,39.9535536,-75.1931768,4.0,breakfast,$,Not Applicable,Not Applicable,good flavor,good freshness,average service,average environment,average value
Federal Donuts,1219 S 2nd St,39.932223,-75.147463,4.0,"lunch, breakfast",$,American (Traditional),Korean,excellent flavor,excellent freshness,good service,average environment,good value
Fergie's Pub,1214 Sansom St,39.9495961,-75.1611276,3.5,"latenight, dinner",$$,Irish,Southern,good flavor,good freshness,average service,good environment,good value
Fette Sau,1208 Frankford Ave,39.9692358,-75.134788,4.0,dinner,$$,Barbeque,Not Applicable,average flavor,average freshness,average service,good environment,below average value
Figs,2501 Meredith St,39.9685113,-75.1785123,4.0,dinner,$$,Moroccan,Not Applicable,good flavor,good freshness,average service,average environment,average value
Flying Monkey Bakery,12th St & Arch St,39.953807711,-75.1586299373,3.5,Unknown,$,Not Applicable,Not Applicable,average flavor,average freshness,average service,average environment,average value
Fogo de Chao,1337 Chestnut St,39.9509166,-75.1629711,4.0,dinner,$$$$,Brazilian,Not Applicable,excellent flavor,good freshness,good service,good environment,average value
Fork,306 Market St,39.9500007,-75.146124,4.0,dinner,$$$,American (New),Not Applicable,good flavor,good freshness,average service,good environment,average value
Francoluigi's Pizzeria & Italian Restaurant,1549 S 13th St,39.9302667,-75.1659499,4.0,dinner,$$,Italian,Not Applicable,average flavor,average freshness,below average service,average environment,below average value
Frankford Hall,1210 Frankford Ave,39.969439,-75.134647,4.0,latenight,$$,German,Not Applicable,good flavor,good freshness,average service,excellent environment,average value
Friday Saturday Sunday,261 S 21st St,39.948937,-75.1759543,4.5,dinner,$$$$,American (New),Not Applicable,excellent flavor,excellent freshness,good service,good environment,average value
Front Street Cafe,1253 N Front St,39.9702007,-75.1356343,4.0,"lunch, brunch, breakfast",$$,American (New),Vegan,good flavor,good freshness,average service,good environment,average value
Fuel Center City,1225 Walnut St,39.949130566,-75.1616937821,3.5,lunch,$$,Vegetarian,Not Applicable,average flavor,good freshness,below average service,average environment,average value
Fuel,1917 E Passyunk Ave,39.9261735,-75.1675686,3.5,lunch,$$,American,Not Applicable,good flavor,good freshness,average service,average environment,good value
Fuji Mountain,2030 Chestnut St,39.9520801,-75.1747619,4.0,dinner,$$,Japanese,Not Applicable,good flavor,good freshness,average service,good environment,average value
Geno's Steaks,1219 S 9th St,39.933836785,-75.1588137524,2.5,"latenight, lunch",$$,Not Applicable,Not Applicable,below average flavor,below average freshness,below average service,below average environment,below average value
Giorgio On Pine,1328 Pine St,39.9453393812,-75.1644544588,4.0,dinner,$$,Italian,Not Applicable,good flavor,good freshness,average service,average environment,good value
Gnocchi,613 E Passyunk Ave,39.9413851,-75.1503311,4.0,dinner,$$,Italian,Not Applicable,good flavor,good freshness,average service,good environment,good value
Goldie,1526 Sansom St,39.9502275,-75.1668635,4.5,lunch,$$,Mediterranean,Middle Eastern,excellent flavor,excellent freshness,good service,average environment,good value
Good Dog Bar,224 S 15th St,39.948793,-75.1662055,4.0,dinner,$$,American,Not Applicable,good flavor,good freshness,average service,average environment,average value
Gran Caffe L'Aquila,1716 Chestnut St,39.9512789,-75.1695181,4.5,"dessert, lunch, dinner",$$,Italian,Not Applicable,excellent flavor,excellent freshness,good service,excellent environment,good value
Greek Lady,224 S 40th St,39.9534811107,-75.2029253184,3.5,"lunch, dinner",$,Greek,Mediterranean,average flavor,average freshness,below average service,average environment,average value
Green Eggs Cafe,1306 Dickinson St,39.931348,-75.166497,4.0,"brunch, breakfast",$$,American (New),Not Applicable,good flavor,good freshness,average service,good environment,average value
Green Eggs Café,212 S 13th St,39.9481225533,-75.1624631121,4.0,"brunch, breakfast",$$,American (New),Not Applicable,good flavor,good freshness,average service,average environment,average value
Greg's Kitchen,4460 Main St,40.0267886888,-75.2267333767,4.0,"lunch, brunch, breakfast",$,American (Traditional),Not Applicable,good flavor,good freshness,average service,average environment,good value
Grindcore House,1515 S 4th St,39.929015,-75.1517365,4.5,"dessert, lunch, breakfast",$,Vegetarian,Vegan,good flavor,good freshness,good service,average environment,good value
Gyu-Kaku Japanese BBQ,1901 Callowhill St,39.9607160127,-75.1701319521,3.5,dinner,$$,Asian Fusion,Japanese,average flavor,average freshness,below average service,average environment,average value
Han Dynasty,4356 Main St,40.0253737,-75.2238628,3.5,"lunch, dinner",$$,Chinese,Not Applicable,good flavor,good freshness,below average service,average environment,average value
Han Dynasty,3711 Market St,39.9567105161,-75.1971027811,4.0,"lunch, dinner",$$,Chinese,Szechuan,good flavor,good freshness,average service,good environment,good value
Han Dynasty,123 Chestnut St,39.9485257778,-75.143727802,4.0,dinner,$$,Chinese,Szechuan,excellent flavor,good freshness,average service,good environment,good value
Hard Rock Cafe,1113 Market St,39.9520316095,-75.1596930614,3.0,"lunch, dinner",$$,American (New),American (Traditional),average flavor,average freshness,below average service,good environment,below average value
Hardena/Waroeng Surabaya Restaurant,1754 S Hicks St,39.9284359,-75.1712655,4.5,"lunch, dinner",$$,Asian Fusion,Indonesian,good flavor,good freshness,good service,average environment,excellent value
Harp & Crown,1525 Sansom St,39.9504170438,-75.1664282754,4.0,dinner,$$,American (Traditional),Not Applicable,good flavor,good freshness,average service,excellent environment,average value
Harper's Garden,31 S 18th St,39.9522045,-75.1695409,4.0,"dessert, lunch, dinner, brunch",$$,American,Not Applicable,good flavor,good freshness,average service,excellent environment,average value
Hawthornes Biercafé,738 S 11th St,39.9410364,-75.1608686,4.0,brunch,$$,American,Not Applicable,average flavor,average freshness,below average service,good environment,below average value
Helium Comedy Club,2031 Sansom St,39.9515214293,-75.1748099467,3.5,Unknown,$$,American (Traditional),Not Applicable,average flavor,average freshness,below average service,average environment,average value
Heritage,914 N 2nd St,39.9645949,-75.1408296,4.0,dinner,$$,American (New),Not Applicable,good flavor,good freshness,average service,excellent environment,average value
Hershel's East Side Deli,51 N 12th St,39.953284,-75.159403,4.5,lunch,$$,Not Applicable,Not Applicable,excellent flavor,good freshness,good service,good environment,good value
High Street Philadelphia,101 S 9th St,39.949579,-75.1553831,4.0,"lunch, brunch, breakfast",$$,American (New),Not Applicable,excellent flavor,excellent freshness,good service,good environment,good value
Hinge Cafe,2652 E Somerset St,39.9792581,-75.1121554,4.5,"brunch, breakfast",$$,American (New),Not Applicable,good flavor,good freshness,average service,good environment,good value
HipCityVeg - University City,214 S 40th St,39.953549,-75.202991,4.0,"lunch, dinner",$$,Vegan,Not Applicable,good flavor,good freshness,average service,good environment,average value
HipCityVeg,127 S 18th St,39.950774,-75.170397,4.0,lunch,$$,Vegetarian,Not Applicable,good flavor,good freshness,average service,average environment,average value
Hippot Shabu Shabu,1002 Arch St,39.953486,-75.156575,3.5,"lunch, dinner",$$,Asian Fusion,Chinese,below average flavor,below average freshness,below average service,average environment,below average value
Hiro Ramen House,1102 Chestnut St,39.95001,-75.158862,4.0,"lunch, dinner",$$,Japanese,Not Applicable,average flavor,average freshness,average service,average environment,average value
Honey's Sit-N-Eat,800 N 4th St,39.96399,-75.1444822,4.0,"brunch, breakfast",$$,American (Traditional),Southern,good flavor,good freshness,good service,good environment,average value
honeygrow,110 S 16th St,39.9507231094,-75.1675008738,3.5,lunch,$$,Vegetarian,Not Applicable,good flavor,good freshness,average service,average environment,average value
House of Thai Cuisine,3520 Cottman Ave,40.0372006,-75.0421226,4.5,dinner,$$,Thai,Not Applicable,good flavor,good freshness,good service,good environment,good value
Hummus Grill,3931 Walnut St,39.954349,-75.2021586,4.0,"lunch, dinner",$,Mediterranean,Middle Eastern,good flavor,good freshness,average service,average environment,good value
IKEA,2206 Christopher Columbus Blvd,39.9171275,-75.1418318,3.0,Unknown,$$,Not Applicable,Not Applicable,good flavor,average freshness,below average service,average environment,good value
IndeBlue Modern Indian Food & Spirits,205 South 13th St,39.9485078263,-75.1619688173,4.5,dinner,$$,Indian,Not Applicable,good flavor,good freshness,average service,good environment,good value
Independence Beer Garden,100 S Independence Mall W,39.9502943,-75.150981,3.5,lunch,$$,American (New),American (Traditional),average flavor,average freshness,below average service,good environment,average value
Indian Kitchen Lovash,236 South St,39.94126,-75.1470703,3.5,dinner,$$,Indian,Pakistani,average flavor,average freshness,average service,average environment,average value
Indian Restaurant,1634 South St,39.9440532,-75.1699635,3.5,"lunch, dinner",$$,Indian,Not Applicable,average flavor,average freshness,below average service,average environment,average value
Iron Hill Brewery & Restaurant,1150 Market St,39.9515764639,-75.1596684381,4.0,dinner,$$,American (Traditional),Not Applicable,good flavor,good freshness,average service,good environment,good value
Iron Hill Brewery & Restaurant,8400 Germantown Ave,40.0750694,-75.2055144,3.5,"lunch, dinner",$$,American (New),American (Traditional),average flavor,average freshness,below average service,good environment,average value
Isgro Pastries,1009 Christian St,39.9393373391,-75.1597427314,4.5,Unknown,$$,Not Applicable,Not Applicable,excellent flavor,excellent freshness,average service,good environment,average value
Ishkabibble's,337 S St,39.9416787531,-75.1487875936,4.0,"lunch, dinner",$$,Seafood,Not Applicable,good flavor,good freshness,good service,average environment,average value
Isot Mediterranean Cuisine,622 S 6th St,39.9414231194,-75.1524895976,4.5,"dessert, dinner",$$,Mediterranean,Middle Eastern,good flavor,good freshness,good service,good environment,good value
J'aime French Bakery,212 S 12th St,39.948081,-75.1608093,4.5,Unknown,$$,Not Applicable,Not Applicable,excellent flavor,excellent freshness,good service,excellent environment,good value
Jack's Firehouse,2130 Fairmount Ave,39.9670823,-75.1733028,3.5,dinner,$$,American (New),Not Applicable,average flavor,average freshness,below average service,average environment,below average value
Jake's & Cooper's Wine Bar & Wine Shop,4365 Main St,40.025925,-75.2241818,3.5,dinner,$$$,American (New),Not Applicable,average flavor,average freshness,below average service,good environment,below average value
Jamaican Jerk Hut,1436 South St,39.944275,-75.166787,2.5,dinner,$$,Caribbean,Not Applicable,below average flavor,below average freshness,bad service,below average environment,bad value
Jasmine Rice - Rittenhouse,306 S 16th St,39.9470839462,-75.1682054067,3.5,dinner,$$,Thai,Not Applicable,average flavor,average freshness,below average service,average environment,below average value
Jerry's Bar,129 W Laurel St,39.9651094,-75.1389069,3.5,"dinner, brunch",$$,American (New),American (Traditional),good flavor,good freshness,average service,excellent environment,average value
Jim's South St,400 S St,39.941498,-75.149272,3.5,"lunch, dinner",$$,Italian,American (Traditional),good flavor,average freshness,average service,average environment,average value
JJ Thai Cuisine,2028 Chestnut St,39.9521034288,-75.174737909,4.5,"lunch, dinner",$$,Asian Fusion,Thai,good flavor,good freshness,good service,good environment,good value
Joe's Steaks + Soda Shop,6030 Torresdale Ave,40.0185131,-75.0581372,4.5,"lunch, dinner",$,Not Applicable,Not Applicable,excellent flavor,excellent freshness,good service,good environment,good value
Joe's Steaks + Soda Shop,1 W Girard Ave,39.969035,-75.134557,4.0,"latenight, lunch, dinner",$$,American (Traditional),Not Applicable,good flavor,good freshness,average service,good environment,good value
John's Roast Pork,14 E Snyder Ave,39.9210273851,-75.1450284438,4.5,lunch,$$,American,Not Applicable,excellent flavor,excellent freshness,average service,average environment,good value
Johnny Brenda's,1201 Frankford Ave,39.9690922,-75.134266,4.0,"latenight, dinner",$$,American (New),Greek,good flavor,good freshness,average service,excellent environment,average value
Jong Ka Jib,6600 N 5th St,40.0520643,-75.1273939,4.5,"lunch, dinner",$$,Korean,Not Applicable,excellent flavor,good freshness,average service,good environment,good value
Jose Pistola's,263 S 15th St,39.9476637,-75.166164,3.5,"latenight, dinner",$$,Mexican,Tex-Mex,good flavor,good freshness,average service,average environment,average value
K'Far Cafe,110 S 19th St,39.951593,-75.172171,4.5,"lunch, brunch, breakfast",$$,American (Traditional),Mediterranean,good flavor,good freshness,average service,good environment,average value
K-POT Korean BBQ & Hot Pot,789 Franklin Mills Cir,40.0924685,-74.9629393,4.5,"lunch, dinner",$$$,Korean,Barbeque,good flavor,excellent freshness,average service,good environment,good value
Kabobeesh,4201 Chestnut St,39.9564795,-75.2065288,3.5,"lunch, dinner",$$,Indian,Middle Eastern,good flavor,good freshness,below average service,below average environment,average value
Kabuki Sushi,45 N 13th St,39.9535852,-75.1609794,4.0,"lunch, dinner",$$,Japanese,Not Applicable,good flavor,good freshness,average service,average environment,good value
Kalaya,764 S 9th St,39.9399660086,-75.1577649178,4.5,dinner,$$$,Thai,Not Applicable,excellent flavor,excellent freshness,good service,average environment,average value
Karma Restaurant & Bar,114 Chestnut St,39.948182,-75.1431548,4.0,"lunch, dinner",$$,Indian,Not Applicable,good flavor,good freshness,average service,average environment,average value
Kensington Quarters,1310 Frankford Ave,39.9705028,-75.1346993,4.0,dinner,$$$,American (Traditional),American (New),good flavor,excellent freshness,average service,good environment,average value
Khyber Pass Pub,56 S 2nd St,39.9486423,-75.1441173,4.0,"latenight, dinner",$$,American (Traditional),Not Applicable,good flavor,good freshness,average service,average environment,good value
Kite & Key,1836 Callowhill St,39.960395,-75.169675,3.5,dinner,$$,American,Not Applicable,average flavor,average freshness,average service,good environment,average value
Knead Bagels,725 Walnut St,39.9481128,-75.1536477,4.5,"lunch, brunch, breakfast",$,Not Applicable,Not Applicable,excellent flavor,excellent freshness,good service,good environment,good value
Koch's Deli,4309 Locust St,39.953956271,-75.2097241761,4.0,lunch,$$,Kosher,Not Applicable,good flavor,good freshness,average service,average environment,average value
Koreana,3801 Chestnut St,39.9556166133,-75.1989265346,3.5,"lunch, dinner",$$,Italian,Korean,good flavor,average freshness,average service,average environment,good value
Koto Sushi,719 Sansom St,39.9487051045,-75.1531596925,4.5,"lunch, dinner",$$,Japanese,Not Applicable,good flavor,excellent freshness,excellent service,good environment,good value
Kraftwork,541 E Girard Ave,39.9714957,-75.1273589,4.0,dinner,$$,Not Applicable,Not Applicable,average flavor,average freshness,average service,good environment,average value
Kung Fu Tea,1006 Arch St,39.95349,-75.156748,3.5,,$,Taiwanese,Not Applicable,good flavor,good freshness,average service,good environment,average value
L'Angolo Ristorante,1415 W Porter St,39.919628,-75.1713762,4.5,dinner,$$,Italian,Not Applicable,excellent flavor,excellent freshness,good service,good environment,good value
La Calaca Feliz,2321 Fairmount Ave,39.967534,-75.1760734,4.0,dinner,$$,Mexican,Not Applicable,good flavor,good freshness,good service,excellent environment,good value
La Colombe Coffee,130 S 19th St,39.9506099,-75.172368,4.0,Unknown,$$$$,Not Applicable,Not Applicable,good flavor,good freshness,average service,average environment,average value
La Colombe Coffee,1335 Frankford Ave,39.9712343,-75.1342432,4.5,"lunch, brunch, breakfast",$$,Not Applicable,Not Applicable,good flavor,good freshness,average service,excellent environment,average value
La Fontana Della Citta,1701 Spruce St,39.9477642,-75.1696977,3.0,dinner,$$,Italian,Not Applicable,below average flavor,below average freshness,bad service,below average environment,below average value
La Viola,"253 S 16th St, Apt 1",39.947783,-75.1677739,3.5,dinner,$$,Italian,Not Applicable,average flavor,average freshness,below average service,below average environment,average value
Lacroix Restaurant at The Rittenhouse,210 W Rittenhouse Sq,39.9499125,-75.1736448,4.5,,$$$$,Asian Fusion,Brazilian,excellent flavor,excellent freshness,excellent service,excellent environment,good value
Ladder 15,1528 Sansom St,39.9502786,-75.1669645,3.0,,$$,American (New),Not Applicable,below average flavor,below average freshness,bad service,below average environment,below average value
Landmark Americana Tap & Grill - University City,3333 Market St,39.9559586568,-75.1906506718,3.0,dinner,$$,American (New),Not Applicable,average flavor,below average freshness,below average service,average environment,average value
Las Bugambilias,15 S 3rd St,39.9499940204,-75.1454153298,4.0,dinner,$$$,Mexican,Not Applicable,good flavor,good freshness,average service,average environment,average value
Las Cazuelas Restaurant BYOB,426 W Girard Ave,39.9698623,-75.1439919,4.0,dinner,$$,Mexican,Latin American,good flavor,average freshness,average service,average environment,average value
Las Margaritas,2538 Welsh Rd,40.0726066,-75.0341246,3.5,"lunch, dinner",$$,Mexican,Not Applicable,average flavor,average freshness,below average service,average environment,average value
LaScala's Birra,1700 E Passyunk Ave,39.9286739096,-75.1650932751,4.0,dinner,$$,Italian,Not Applicable,good flavor,good freshness,average service,average environment,good value
Laurel,1617 E Passyunk Ave,39.9294148,-75.1637155,4.5,dinner,$$$$,French,American (New),excellent flavor,excellent freshness,excellent service,good environment,good value
Lazaro's Pizzeria & Grill,1743 South St,39.944571,-75.171679,4.0,"lunch, dinner",$,Italian,Not Applicable,good flavor,good freshness,average service,average environment,good value
Le Pain Quotidien,1425 Walnut St,39.949621,-75.165252,3.5,"lunch, brunch, breakfast",$$,Belgian,French,good flavor,good freshness,average service,good environment,average value
Le Viet Restaurant,1019 S 11th St,39.9376867,-75.1610435,4.0,"lunch, dinner",$$,Vietnamese,Not Applicable,good flavor,good freshness,average service,excellent environment,good value
Le Virtu,1927 E Passyunk Ave,39.926032,-75.1678,4.0,dinner,$$$,Italian,Not Applicable,good flavor,good freshness,average service,good environment,average value
Little Fish,746 S 6th St,39.939989,-75.152854,4.5,dinner,$$$,Seafood,Not Applicable,good flavor,good freshness,average service,good environment,average value
Little Nonna's,1234 Locust St,39.947786438,-75.1618928091,4.0,dinner,$$,Italian,Not Applicable,good flavor,good freshness,average service,good environment,good value
Local 44,4333 Spruce St,39.952821,-75.210442,3.5,"latenight, dinner",$$,American (New),Not Applicable,average flavor,average freshness,below average service,average environment,average value
Local Tavern,"8000 Essington Ave, Gate F11, Terminal F",39.8951784,-75.2279726,2.5,"lunch, breakfast",$$,American (New),Italian,average flavor,average freshness,below average service,average environment,below average value
Loco Pez,2401 E Norris St,39.977142,-75.127202,4.0,"dinner, brunch",$$,Mexican,Not Applicable,good flavor,good freshness,average service,average environment,good value
Loews Philadelphia Hotel,1200 Market St,39.9517461,-75.1602286,3.5,Unknown,$$$,Seafood,Not Applicable,good flavor,good freshness,average service,good environment,average value
Lolita,106 S 13th St,39.9500808716,-75.162,4.0,dinner,$$,Mexican,Not Applicable,good flavor,good freshness,average service,good environment,average value
Lorenzo & Sons Pizza,305 S St,39.941596,-75.1478101,4.0,latenight,$,Italian,Not Applicable,average flavor,average freshness,below average service,below average environment,average value
Los Gallos Mexican Taqueria,951 Wolf St,39.9211192555,-75.1632766118,4.5,"lunch, dinner",$$,Mexican,Not Applicable,good flavor,good freshness,below average service,average environment,good value
Louie Louie,3611 Walnut St,39.9532791038,-75.1955875611,4.0,"dessert, lunch, dinner, brunch",$$$,American (New),Modern European,good flavor,good freshness,average service,excellent environment,average value
Love & Honey Fried Chicken,1100 N Front St,39.9674815,-75.136957,4.5,"dessert, lunch, dinner",$$,American (Traditional),Soul Food,excellent flavor,excellent freshness,good service,good environment,good value
Lucha Cartel,207 Chestnut St,39.9484906,-75.1444675,3.5,dinner,$$,Mexican,Not Applicable,average flavor,average freshness,below average service,good environment,average value
Lucky Strike - Philadelphia,1336 Chestnut St,39.950671,-75.1633942,3.0,"latenight, dinner",$$,American (Traditional),Not Applicable,below average flavor,below average freshness,bad service,below average environment,bad value
Lucky's Last Chance,4421 Main St,40.026303576,-75.2255360669,4.5,dinner,$$,Not Applicable,Not Applicable,excellent flavor,good freshness,good service,good environment,good value
Luke's Lobster Rittenhouse,130 S 17th St,39.9505067,-75.1691375,4.5,lunch,$$,Seafood,Not Applicable,excellent flavor,excellent freshness,good service,good environment,average value
Luna Café,317 Market St,39.9504011,-75.1463684,4.0,"lunch, brunch, breakfast",$$,American (Traditional),Not Applicable,average flavor,good freshness,average service,good environment,average value
Mac Mart,104 South 18th St,39.9514489,-75.1705213,4.0,lunch,$$,American,Not Applicable,good flavor,good freshness,good service,average environment,average value
Mac's Tavern,226 Market St,39.949794,-75.144739,3.5,latenight,$$,American (New),Not Applicable,average flavor,average freshness,below average service,average environment,average value
Maggiano's Little Italy,1201 Filbert St,39.9531992,-75.1602278,3.5,dinner,$$,Italian,Not Applicable,good flavor,good freshness,average service,good environment,average value
Manakeesh Cafe Bakery & Grill,4420 Walnut St,39.9549844,-75.2115232,4.0,"dessert, lunch, dinner, brunch",$$,Mediterranean,Lebanese,good flavor,good freshness,average service,good environment,good value
Manayunk Brewery,4120 Main St,40.022471,-75.2188,3.5,dinner,$$,American,Sushi,average flavor,average freshness,below average service,good environment,average value
Marathon On the Square,1839 Spruce St,39.9481101,-75.1726188,3.5,lunch,$$,American (New),Not Applicable,average flavor,average freshness,below average service,good environment,average value
Marathon,121 S 16th St,39.9504833638,-75.1673305865,3.5,"lunch, brunch",$$,American (New),Not Applicable,average flavor,average freshness,below average service,average environment,average value
Marmont Steakhouse & Bar,222 Market St,39.9497397,-75.1445806,3.5,dinner,$$$,American,Not Applicable,average flavor,average freshness,average service,average environment,average value
Marra's,1734 E Passyunk Ave,39.9279881,-75.1658701,3.0,dinner,$$,Italian,Not Applicable,average flavor,average freshness,below average service,below average environment,average value
Marrakesh,517 S Leithgow St,39.9420436,-75.1495102,4.5,dinner,$$$,Mediterranean,Moroccan,good flavor,good freshness,good service,good environment,good value
Masala Kitchen Kati Rolls and Platters,1115 Walnut St,39.9491761,-75.159714,4.0,"latenight, lunch, dinner",$,Indian,Not Applicable,good flavor,good freshness,good service,average environment,good value
Max Brenner - Philadelphia,1500 Walnut St,39.9491000076,-75.1661748827,3.5,dessert,$$,American,Not Applicable,average flavor,average freshness,below average service,average environment,below average value
Max's Steaks,3653 Germantown Ave,40.009045,-75.150471,4.0,"latenight, lunch, dinner",$$,Not Applicable,Not Applicable,good flavor,good freshness,average service,average environment,good value
McCormick & Schmick's Seafood & Steaks,1 S Broad St,39.951353,-75.1634754,2.5,dinner,$$,American (Traditional),Seafood,average flavor,average freshness,below average service,average environment,average value
McCrossen's Tavern,529 N 20th St,39.9630919,-75.1709203,4.0,brunch,$$,American (Traditional),Not Applicable,good flavor,good freshness,average service,good environment,good value
McGillin's Olde Ale House,1310 Drury St,39.950168,-75.162607,4.0,Unknown,$$,American (Traditional),Irish,average flavor,average freshness,below average service,average environment,average value
Melograno,2012 Sansom St,39.9512428,-75.1741148,3.5,dinner,$$$,Italian,Not Applicable,good flavor,good freshness,average service,average environment,good value
Melrose Diner,1501 Snyder Ave,39.925004,-75.172084,3.0,"latenight, lunch, breakfast",$,Not Applicable,Not Applicable,average flavor,average freshness,below average service,below average environment,below average value
Memphis Taproom,2331 E Cumberland St,39.9803676,-75.1230344,4.0,Unknown,$$,American (New),Not Applicable,good flavor,good freshness,average service,good environment,good value
Mercato BYOB,1216 Spruce St,39.9464996,-75.1617652,4.0,dinner,$$$,Italian,Mediterranean,good flavor,good freshness,average service,average environment,average value
Middle Child,248 S 11th St,39.9471698,-75.1594404,4.5,"lunch, brunch, breakfast",$$,Breakfast & Brunch,Not Applicable,excellent flavor,good freshness,good service,good environment,average value
Miel Patisserie,204 S 17th St,39.9497118,-75.169361,3.5,Unknown,$$,Not Applicable,Not Applicable,average flavor,average freshness,below average service,average environment,average value
Miles Table,1620 South St,39.944043,-75.1695127,4.5,"lunch, brunch, breakfast",$$,American (Traditional),Not Applicable,good flavor,good freshness,average service,good environment,good value
MilkBoy,1100 Chestnut St,39.950125,-75.1587931,3.5,Unknown,$$,American (New),Not Applicable,average flavor,average freshness,below average service,good environment,average value
Misconduct Tavern,1511 Locust St,39.9486272,-75.1666356,3.5,"latenight, lunch, dinner",$$$,American (Traditional),Not Applicable,average flavor,average freshness,below average service,average environment,average value
Mission Taqueria,"1516 Sansom St, Fl 2",39.9502217062,-75.1665529981,4.0,"lunch, dinner",$$,Mexican,Not Applicable,good flavor,good freshness,average service,excellent environment,average value
Mixto,1141 Pine St,39.945195,-75.161082,4.0,dinner,$$,Latin American,Italian,average flavor,average freshness,below average service,good environment,average value
Molly Malloy's,1136 Arch St,39.9531200778,-75.1589835418,4.0,lunch,$$,American,Not Applicable,good flavor,good freshness,average service,good environment,good value
Monk's Cafe,264 S 16th St,39.947701,-75.1682869,4.0,dinner,$$,Belgian,Not Applicable,good flavor,good freshness,average service,average environment,average value
Mood Cafe,4618 Baltimore Ave,39.9486639126,-75.2158315415,4.5,"lunch, dinner",$,Pakistani,Indian,excellent flavor,excellent freshness,excellent service,good environment,excellent value
Morgan's Pier,221 N Columbus Blvd,39.9549030181,-75.1389125268,3.0,latenight,$$,American (New),Seafood,average flavor,average freshness,below average service,good environment,average value
Moriarty's Restaurant and Irish Pub,1116 Walnut St,39.9485658,-75.1598508,3.5,"latenight, lunch, dinner",$$,American (Traditional),Irish,good flavor,average freshness,below average service,average environment,average value
Morimoto,723 Chestnut St,39.9496652299,-75.1532727008,4.5,dinner,$$$$,Asian Fusion,Not Applicable,excellent flavor,excellent freshness,good service,good environment,average value
Moshulu,401 S Columbus Blvd,39.942335482,-75.1413081,3.5,dinner,$$$,American,Seafood,good flavor,good freshness,average service,good environment,average value
Murph's Bar,202 E Girard Ave,39.9689397,-75.1334333,4.0,"dessert, latenight, dinner",$$,Italian,Not Applicable,excellent flavor,excellent freshness,average service,average environment,good value
Nam Phuong,1100 Washington Ave,39.9364886,-75.1622139,4.0,"lunch, dinner",$$,Vietnamese,Not Applicable,good flavor,good freshness,average service,good environment,good value
Nan Zhou Hand Drawn Noodle House,1022 Race St,39.9554005671,-75.1569010986,4.0,"lunch, dinner",$$,Chinese,Not Applicable,excellent flavor,excellent freshness,good service,good environment,excellent value
National Mechanics,22 S 3rd St,39.9495443,-75.1459872,4.0,dinner,$$,American (New),American (Traditional),good flavor,good freshness,average service,good environment,good value
New Deck Tavern,3408 Sansom St,39.9535171,-75.1926364399,3.5,"latenight, dinner",$$,American (Traditional),Irish,average flavor,average freshness,below average service,average environment,average value
New Delhi Indian Restaurant,4004 Chestnut St,39.9553921,-75.2026195,4.0,"lunch, dinner",$$,Indian,Pakistani,good flavor,good freshness,average service,good environment,good value
Nifty Fifty's,2491 Grant Ave,40.0794684018,-75.0253902955,3.5,"dessert, lunch, dinner, breakfast",$$,Burgers,Not Applicable,good flavor,good freshness,below average service,average environment,good value
Nine Ting,926 Race St,39.9550836837,-75.1552917273,4.0,"latenight, lunch, dinner",$$$,Asian Fusion,Not Applicable,average flavor,average freshness,below average service,average environment,average value
Nom Nom Ramen,20 S 18th St,39.9524929,-75.1702943,4.0,"lunch, dinner",$$,Japanese,Ramen,average flavor,average freshness,average service,average environment,average value
Nom Wah Philadelphia,218 N 13th St,39.956593,-75.160772,4.0,lunch,$$,Chinese,Cantonese,good flavor,good freshness,average service,good environment,average value
Nomad Pizza Company,611 S 7th St,39.9418368,-75.153837,4.5,dinner,$$,Italian,Pizza,good flavor,good freshness,average service,good environment,average value
Nook Bakery & Coffee Bar,15 S 20th St,39.952725,-75.1729016,4.5,breakfast,$,Italian,Not Applicable,excellent flavor,excellent freshness,excellent service,good environment,good value
Noord,1046 Tasker St,39.92966,-75.163003,4.5,dinner,$$$,American (New),Scandinavian,excellent flavor,excellent freshness,excellent service,good environment,good value
North Bowl,909 N 2nd St,39.9644125073,-75.1403277254,4.0,"latenight, dinner",$$,American (Traditional),Vegan,good flavor,good freshness,average service,good environment,average value
North Third,801 N 3rd St,39.96350593,-75.1427820977,4.0,dinner,$$,American (New),Not Applicable,good flavor,good freshness,average service,good environment,average value
Ocean Harbor,1023 Race St,39.9557218,-75.1567726,3.0,"lunch, brunch",$$,Chinese,Seafood,average flavor,average freshness,bad service,below average environment,average value
Ocean Prime,124 S 15th St,39.9501744,-75.1659335862,4.0,dinner,$$$$,American (New),Seafood,good flavor,good freshness,average service,good environment,average value
OCF Coffee House,2100 Fairmount Ave,39.967128,-75.172378,4.0,"lunch, brunch, breakfast",$$,Not Applicable,Not Applicable,good flavor,good freshness,average service,good environment,average value
Octopus Falafel Truck,20th & Ludlow St,39.952932,-75.173293,4.5,lunch,$,Mediterranean,Middle Eastern,excellent flavor,excellent freshness,average service,good environment,excellent value
Oh Brother Philly,206 Market St,39.9496989,-75.1441608,4.5,"dessert, latenight, lunch, dinner",$$,Not Applicable,Not Applicable,excellent flavor,good freshness,good service,excellent environment,good value
One Shot Coffee,217 W George St,39.9677290083,-75.1406717064,4.0,"brunch, breakfast",$$,American (Traditional),Not Applicable,average flavor,average freshness,below average service,good environment,below average value
Oscar's Tavern,1524 Sansom St,39.9502531,-75.1668064,4.0,Unknown,$$,Not Applicable,Not Applicable,average flavor,average freshness,good service,average environment,good value
Osteria,640 N Broad St,39.965015,-75.161076,4.0,dinner,$$$,Italian,Not Applicable,excellent flavor,good freshness,good service,excellent environment,average value
Oyster House,1516 Sansom St,39.9502216,-75.166553,4.0,dinner,$$$,Seafood,Not Applicable,excellent flavor,excellent freshness,good service,good environment,good value
P S & Co,1706 Locust St,39.9487961,-75.1697449,4.0,"lunch, brunch, breakfast",$$,Vegetarian,Vegan,average flavor,good freshness,average service,good environment,below average value
P'unk Burger,1823 E Passyunk Ave,39.9271243,-75.1663375,3.5,"lunch, dinner",$$,Burgers,Not Applicable,average flavor,average freshness,average service,average environment,below average value
Panorama,14 N Front St,39.950201,-75.142285,4.0,dinner,$$$,Italian,Not Applicable,good flavor,good freshness,average service,good environment,average value
Parc,227 S 18th St,39.9491724,-75.1707273,4.0,"lunch, dinner, brunch",$$$,French,American (New),good flavor,good freshness,average service,excellent environment,average value
Pat's King of Steaks,1237 E Passyunk Ave,39.9332010583,-75.159265814,3.0,"latenight, lunch, dinner",$$,Italian,American (Traditional),average flavor,average freshness,below average service,average environment,average value
Pattaya,4040 Locust St,39.9529055,-75.204785,3.5,"lunch, dinner",$$,Asian Fusion,Thai,below average flavor,below average freshness,below average service,average environment,below average value
Pearl's Oyster Bar,51 N 12th St,39.953298,-75.159071,4.0,"lunch, brunch, breakfast",$$,American (New),Seafood,below average flavor,average freshness,below average service,average environment,average value
Penang,117 N 10th St,39.954044,-75.15598,3.5,dinner,$$,Asian Fusion,Malaysian,good flavor,average freshness,below average service,average environment,good value
Penrose Diner,2016 Penrose Ave,39.9122173,-75.1827641,4.0,"dessert, latenight, lunch, dinner, brunch, breakfast",$$,Comfort Food,Not Applicable,good flavor,good freshness,average service,good environment,good value
Philadelphia Marriott Downtown,"1201 Market Street, (guest entrance at 1200 Filbert Street).",39.952534,-75.160578,3.0,Unknown,$$,Not Applicable,Not Applicable,average flavor,average freshness,average service,average environment,below average value
Philadelphia Museum of Art,2600 Benjamin Franklin Pkwy,39.965573,-75.180969,4.5,Unknown,,American,Not Applicable,excellent flavor,excellent freshness,good service,excellent environment,good value
Philip's Steaks,2234 W Passyunk Ave,39.9225830143,-75.1848140609,3.5,"latenight, lunch, dinner",$,Not Applicable,Not Applicable,average flavor,average freshness,average service,below average environment,average value
Pho 75,1122 Washington Ave,39.9372212861,-75.1628434626,4.5,"lunch, dinner",$$,Vietnamese,Asian Fusion,good flavor,good freshness,good service,average environment,good value
Pho Cali Vietnamese Restaurant,1000 Arch St,39.9533132,-75.1565235,3.5,"lunch, dinner",$,Vietnamese,Not Applicable,average flavor,average freshness,average service,average environment,good value
Pho Ha Saigon,575 Adams Ave,40.0359369248,-75.107954232,3.5,"lunch, dinner",$,Vietnamese,Not Applicable,average flavor,average freshness,below average service,good environment,average value
Pho Ha,600 Washington Ave,39.9344521341,-75.1544015359,4.0,"lunch, dinner",$$,Vietnamese,Chinese,good flavor,good freshness,average service,average environment,excellent value
Pho Saigon,"1100 S Christopher Columbus Blvd, Unit 22",39.932705,-75.14438,4.0,"lunch, dinner",$$,Vietnamese,Not Applicable,good flavor,good freshness,average service,average environment,good value
Pho Xe Lua Viet Thai Restaurant,907 Race St,39.9553922,-75.1546977,4.0,"lunch, dinner",$$,Vietnamese,Thai,good flavor,average freshness,average service,below average environment,good value
Pietro's Coal Oven Pizzeria,1714 Walnut St,39.9497512,-75.1699969,3.5,dinner,$$,Italian,Not Applicable,good flavor,good freshness,average service,good environment,average value
Pinefish,1138 Pine St,39.94499,-75.161245,3.5,dinner,$$,Seafood,Not Applicable,average flavor,good freshness,average service,average environment,average value
Pizza Brain,2313 Frankford Ave,39.9806746,-75.1280968,4.0,"lunch, dinner",$$,Pizza,Not Applicable,average flavor,average freshness,below average service,good environment,below average value
Pizzeria Beddia,1313 North Lee St,39.970799,-75.134989433,4.0,dinner,$$,Italian,Not Applicable,good flavor,good freshness,average service,good environment,average value
Pizzeria Stella,420 S 2nd St,39.9424247094,-75.1456823945,4.0,"lunch, dinner",$$,Italian,Not Applicable,good flavor,good freshness,average service,good environment,average value
Pizzeria Vetri,1615 Chancellor St,39.94941083,-75.1686977423,4.0,"lunch, dinner",$$,Italian,Not Applicable,good flavor,good freshness,average service,good environment,average value
Pizzeria Vetri,1939 Callowhill St,39.960888,-75.171213,4.0,"lunch, dinner",$$,Italian,Not Applicable,good flavor,good freshness,average service,average environment,average value
Pod,3636 Sansom St,39.9539707735,-75.1960369886,3.5,dinner,$$,Asian Fusion,Not Applicable,average flavor,average freshness,average service,good environment,below average value
Porcini,2048 Sansom St,39.951348,-75.1751139,3.5,dinner,$$,Italian,Not Applicable,average flavor,average freshness,below average service,below average environment,below average value
Positano Coast by Aldo Lamberti,"212 Walnut St, Fl 2",39.9466579,-75.144724,3.5,dinner,$$,Italian,Seafood,average flavor,average freshness,below average service,good environment,average value
Prohibition Taproom,501 N 13th St,39.9613018,-75.1593118,4.0,"latenight, dinner",$$,American (Traditional),Not Applicable,good flavor,good freshness,average service,good environment,good value
Pub & Kitchen,1946 Lombard St,39.9456566,-75.1747733,3.5,dinner,$$$,American (New),Not Applicable,average flavor,good freshness,average service,good environment,average value
Pumpkin,1713 South St,39.9444366,-75.1708063,4.0,dinner,$$$,American (New),Not Applicable,good flavor,good freshness,average service,good environment,average value
Punch Line Philly,33 E Laurel St,39.965141,-75.135429,3.5,"latenight, dinner",$$,American (New),Not Applicable,average flavor,average freshness,average service,good environment,average value
QT Vietnamese Sandwich,48 N 10th St,39.953229,-75.156582,4.5,lunch,$,Vietnamese,Not Applicable,excellent flavor,good freshness,excellent service,average environment,good value
Race Street Cafe,208 Race St,39.9537127,-75.1434447561,4.0,dinner,$$,American (New),American (Traditional),good flavor,good freshness,below average service,good environment,average value
Radicchio Cafe,402 Wood St,39.956611,-75.1463377,4.0,dinner,$$,Italian,Not Applicable,good flavor,good freshness,average service,good environment,good value
Ralphs Italian Restaurant,760 S 9th St,39.9400584,-75.1578655,3.5,dinner,$$,Italian,Not Applicable,average flavor,average freshness,average service,average environment,average value
Ramen Bar,3400 Lancaster Ave,39.9572977379,-75.1920437233,3.5,"lunch, dinner",$$,Japanese,Not Applicable,average flavor,average freshness,below average service,good environment,below average value
Ratchada Thai & Laos Cuisine,1117 S 11th St,39.936534,-75.16139,4.0,"lunch, dinner",$$,Asian Fusion,Not Applicable,good flavor,good freshness,average service,good environment,good value
Reading Terminal Market,51 N 12th St,39.9533414645,-75.1588545174,4.5,"lunch, brunch, breakfast",$$,Chinese,Not Applicable,excellent flavor,excellent freshness,good service,good environment,good value
Real Food Eatery,207 S 16th St,39.9493695,-75.1675666,4.5,"lunch, dinner",$$,American (Traditional),Not Applicable,good flavor,good freshness,average service,good environment,average value
Red Owl Tavern,433 Chestnut St,39.9492805,-75.1489288,3.5,brunch,$$,American (New),Not Applicable,average flavor,good freshness,below average service,good environment,below average value
Relish,7152 Ogontz Ave,40.0634207,-75.1531244,3.5,"dinner, brunch",$$,Southern,Seafood,average flavor,average freshness,below average service,good environment,average value
Revolution House,200 Market St,39.9497082,-75.1439349,3.5,dinner,$$,American (New),Italian,good flavor,good freshness,average service,excellent environment,average value
Revolution Taco,2015 Walnut St,39.9507589,-75.1743401,4.0,"lunch, dinner",$$,Mexican,Not Applicable,good flavor,good freshness,average service,average environment,average value
Rex at the Royal,1524 S St,39.9437809,-75.1681729,4.5,dinner,$$$,American (New),Southern,good flavor,good freshness,good service,good environment,good value
RIM Cafe,1172 S 9th St,39.9343869,-75.1589957,4.5,Unknown,$$,Not Applicable,Not Applicable,excellent flavor,excellent freshness,excellent service,good environment,good value
Ristorante Pesto,1915 S Broad St,39.9263553,-75.1689367,4.5,dinner,$$,Italian,Not Applicable,good flavor,good freshness,excellent service,good environment,good value
Rittenhouse Grill,1701 Locust St,39.9489487,-75.1695317,3.5,dinner,$$$,Steakhouses,Seafood,good flavor,good freshness,average service,good environment,average value
Rosy's Taco Bar,2220 Walnut St,39.9508956186,-75.178367123,4.0,dinner,$$,Mexican,Not Applicable,good flavor,good freshness,average service,average environment,average value
Rouge,205 S 18th St,39.949638,-75.170671,3.5,dinner,$$,American (Traditional),Asian Fusion,average flavor,average freshness,average service,good environment,below average value
Royal Sushi & Izakaya,780-782 S 2nd St,39.9380805,-75.1465231,4.5,"latenight, dinner",$$,Japanese,Not Applicable,excellent flavor,excellent freshness,good service,good environment,good value
Rustica,903 N 2nd St,39.9642199,-75.1404574,4.0,"lunch, dinner",$,Italian,Not Applicable,good flavor,good freshness,average service,average environment,good value
Rybread,1711 Fairmount Ave,39.9673313,-75.1658216,4.0,"lunch, breakfast",$,Not Applicable,Not Applicable,good flavor,good freshness,average service,average environment,good value
Saad's Halal Restaurant,4500 Walnut St,39.9549627,-75.2118511,4.5,"lunch, dinner",$,Middle Eastern,Indian,excellent flavor,excellent freshness,good service,good environment,good value
Sabrina's Café,227 N 34th St,39.9598792,-75.1906815,4.0,"lunch, brunch, breakfast",$$,American (New),Not Applicable,good flavor,good freshness,average service,good environment,average value
Sabrina's Café,1804 Callowhill St,39.9604147854,-75.1686044902,4.0,"brunch, breakfast",$$,American (New),Vegetarian,good flavor,good freshness,average service,average environment,good value
Sahara Grill,1334 Walnut St,39.9491798,-75.1635651,4.0,"lunch, dinner",$$,Mediterranean,Middle Eastern,good flavor,good freshness,average service,average environment,good value
Sam's Morning Glory Diner,735 S 10th St,39.9408607,-75.1589045,4.0,"brunch, breakfast",$$,Not Applicable,Not Applicable,good flavor,good freshness,below average service,average environment,average value
Sampan,124 S 13th St,39.9495313759,-75.1621570259,4.0,dinner,$$$,Asian Fusion,Not Applicable,good flavor,good freshness,average service,good environment,average value
Sancho Pistola's,19 W Girard Ave,39.9688395,-75.1351413,4.0,"latenight, dinner, brunch",$$,Mexican,Not Applicable,good flavor,good freshness,average service,good environment,average value
Sang Kee Noodle House,3549 Chestnut St,39.9548759225,-75.1939325212,3.0,"lunch, dinner",$$,Chinese,Not Applicable,average flavor,average freshness,below average service,average environment,average value
Sang Kee Peking Duck House,238 N 9th St,39.9563986,-75.1542873,4.0,"lunch, dinner",$$,Chinese,Cantonese,good flavor,good freshness,average service,average environment,good value
Santucci's Original Square Pizza,901 S 10th St,39.9390394,-75.159227,3.5,"lunch, dinner",$$,Italian,Not Applicable,good flavor,good freshness,average service,good environment,average value
Sardi's Pollo A La Brasa,4510 City Ave,40.0030483,-75.2219283,4.0,"lunch, dinner",$$,Latin American,Peruvian,good flavor,good freshness,average service,average environment,good value
Sassafras Bar,48 S 2nd St,39.948832,-75.144063,4.5,"latenight, dinner",$$,American (New),Not Applicable,good flavor,good freshness,average service,excellent environment,good value
Seorabol Korean Restaurant,5734 Old 2nd St,40.0385555068,-75.1242795983,4.0,"lunch, dinner",$$,Korean,Japanese,good flavor,good freshness,average service,good environment,average value
Shake Shack,2000 Sansom St,39.9512256328,-75.1737892628,3.5,"lunch, dinner",$$,American (Traditional),Not Applicable,good flavor,good freshness,good service,good environment,average value
Shang Hai 1,123 N 10th St,39.9541205693,-75.1560343422,4.0,"lunch, dinner",$$,Chinese,Taiwanese,good flavor,average freshness,good service,good environment,good value
Silk City Diner & Lounge,435 Spring Garden St,39.9613271,-75.1460328,4.0,brunch,$$,American (New),Not Applicable,good flavor,good freshness,average service,good environment,good value
Slice,1180 S 10th St,39.934678,-75.160539,3.5,"lunch, dinner",$$,Italian,Not Applicable,good flavor,good freshness,average service,average environment,average value
Smile Cafe,105 S 22nd St,39.9521517,-75.1768973,4.0,"lunch, dinner",$$,Thai,Noodles,good flavor,good freshness,good service,average environment,good value
Smiley's Cafe,4251 Main St,40.024774,-75.2214354,4.5,"lunch, dinner",$,Mediterranean,Greek,good flavor,good freshness,excellent service,average environment,good value
Snap Custom Pizza - Center City,1504 Sansom St,39.9502972,-75.1661556,4.0,"lunch, dinner",$,Not Applicable,Not Applicable,good flavor,good freshness,average service,average environment,good value
SOMO Manayunk,4311 Main St,40.0250874,-75.2221876,3.5,"dinner, brunch",$$$,American (New),Not Applicable,average flavor,average freshness,below average service,good environment,below average value
Sonny's Famous Steaks,228 Market St,39.9499178538,-75.1447920753,4.0,"lunch, dinner",$$,American (Traditional),Not Applicable,good flavor,good freshness,good service,average environment,good value
Soup Kitchen Cafe,2146 E Susquehanna Ave,39.9798199,-75.129822,4.0,"lunch, brunch, breakfast",$$,American (New),Not Applicable,excellent flavor,excellent freshness,average service,good environment,good value
South Philadelphia Tap Room,"1509 Mifflin St, Newbold",39.927216,-75.171477,4.0,dinner,$$,Not Applicable,Not Applicable,good flavor,good freshness,average service,good environment,average value
South Philly Barbacoa,1140 S 9th St,39.935354,-75.158801,4.5,"lunch, breakfast",$$,Mexican,Not Applicable,excellent flavor,excellent freshness,good service,good environment,good value
Southgate,1801 Lombard St,39.9455687,-75.1717901,4.0,dinner,$$,American (Traditional),Korean,good flavor,good freshness,good service,good environment,average value
South,600 N Broad St,39.964395,-75.161227,4.0,"dessert, dinner",$$$,Southern,Not Applicable,good flavor,good freshness,average service,excellent environment,average value
Soy Cafe,630 N 2nd St,39.9616969288,-75.1412892166,4.5,lunch,$,Not Applicable,Not Applicable,good flavor,good freshness,average service,good environment,average value
Spasso Italian Grill,34 S Front St,39.948706,-75.142687,4.0,dinner,$$,Italian,American (Traditional),good flavor,good freshness,average service,good environment,average value
Spataro's Cheesesteaks,51 N 12th St,39.9531593,-75.1590984,2.5,lunch,$$,Not Applicable,Not Applicable,average flavor,average freshness,below average service,average environment,below average value
Spice 28,1228 Chestnut St,39.950352,-75.1615829,4.0,"lunch, dinner",$$,Asian Fusion,American (New),good flavor,good freshness,average service,good environment,average value
Spice C,131 N 10th St,39.9543751,-75.155929,4.0,"lunch, dinner",$$,Chinese,Not Applicable,good flavor,good freshness,average service,average environment,good value
Spice Finch,220 S 17th St,39.9493776356,-75.169540979,4.5,"dinner, brunch",$$,Mediterranean,Not Applicable,good flavor,good freshness,average service,good environment,average value
SPOT Gourmet Burgers,2821 W Girard Ave,39.9747101233,-75.1825701445,4.5,"lunch, dinner",$$,Burgers,Not Applicable,good flavor,good freshness,good service,average environment,good value
Spread Bagelry,262 S 20th St,39.9485847,-75.1744427,3.5,"brunch, breakfast",$$,Not Applicable,Not Applicable,average flavor,average freshness,below average service,average environment,below average value
Square 1682,121 S 17th St,39.9508011,-75.1686108,3.5,dinner,$$,American (New),Not Applicable,average flavor,average freshness,average service,good environment,average value
Standard Tap,901 N 2nd St,39.96414,-75.1405144,4.0,dinner,$$,American (Traditional),Not Applicable,good flavor,good freshness,average service,good environment,average value
Stateside,1536 E Passyunk Ave,39.930249,-75.163265,3.5,dinner,$$,American (New),Not Applicable,good flavor,good freshness,average service,good environment,average value
Steve's Prince of Steaks,7200 Bustleton Ave,40.0456111,-75.0609207,4.0,"latenight, lunch, dinner",$$,American (Traditional),Not Applicable,good flavor,good freshness,average service,average environment,average value
Stockyard Sandwich,1541 Spring Garden St,39.9630709056,-75.164270103,4.5,"lunch, breakfast",$$,Not Applicable,Not Applicable,excellent flavor,excellent freshness,good service,good environment,good value
Stogie Joe's Tavern,1801 E Passyunk Ave,39.927559,-75.166057,3.5,Unknown,$$,American (New),Italian,good flavor,average freshness,below average service,average environment,average value
Strangelove's,216 S 11th St,39.948089,-75.1592111423,4.0,,$$,American (Traditional),Not Applicable,good flavor,good freshness,average service,good environment,average value
Su Xing House,1508 Sansom St,39.950215,-75.166346,4.0,"lunch, dinner",$$,Chinese,Not Applicable,good flavor,good freshness,average service,good environment,excellent value
Sumo Sushi,401 S 13th St,39.945196,-75.162803,3.5,"lunch, dinner",$$,Sushi,Not Applicable,average flavor,average freshness,average service,average environment,good value
Suraya,1528 Frankford Ave,39.9736865005,-75.1339557767,4.5,"dessert, lunch, dinner, brunch, breakfast",$$$,Middle Eastern,Lebanese,good flavor,good freshness,average service,excellent environment,average value
Sweet Box Cupcakes,339 S 13th St,39.9455654,-75.1627808,4.5,Unknown,$$,Not Applicable,Not Applicable,good flavor,good freshness,average service,good environment,average value
Sweet Lucy's Smokehouse,7500 State Rd,40.029103,-75.0272619,4.5,"lunch, dinner",$$,Barbeque,Not Applicable,good flavor,good freshness,good service,good environment,good value
T-Swirl Crêpe,150 N 10th St,39.9550806,-75.1561748,4.0,"dessert, lunch",$,Japanese,Not Applicable,good flavor,average freshness,average service,good environment,average value
Tacconelli's Pizzeria,2604 E Somerset St,39.980483,-75.11303,4.0,dinner,$$,Not Applicable,Not Applicable,good flavor,good freshness,average service,average environment,average value
Taco Riendo,1301 N 5th St,39.9714977,-75.1444936,4.0,"lunch, dinner",$,Mexican,Not Applicable,good flavor,good freshness,average service,good environment,average value
Tai Lake Restaurant,134 N 10th St,39.9546629,-75.156162,3.5,"latenight, dinner",$$,Chinese,Not Applicable,average flavor,average freshness,below average service,average environment,average value
Talula's Daily,208 W Washington Square,39.9472825,-75.1536278,4.5,"lunch, brunch, breakfast",$$,American (Traditional),Not Applicable,good flavor,good freshness,good service,good environment,average value
Talula's Garden,210 W Washington Sq,39.9473272218,-75.1535421779,4.5,dinner,$$$,American (New),Not Applicable,excellent flavor,excellent freshness,good service,excellent environment,good value
Tamarind,117 S St,39.9412384,-75.14467,4.0,dinner,$$,Thai,Not Applicable,good flavor,good freshness,average service,average environment,good value
Taqueria La Veracruzana,908 Washington Ave,39.93613,-75.15913,4.0,"lunch, dinner",$,Mexican,Not Applicable,good flavor,average freshness,average service,average environment,good value
Tattooed Mom,530 South St,39.9416802,-75.1519159,4.0,latenight,$$,American (New),Vegan,good flavor,average freshness,below average service,good environment,good value
Tela's Market & Kitchen,1833 Fairmount Ave,39.967417,-75.168217,4.0,"lunch, brunch, breakfast",$$,American (New),Not Applicable,average flavor,good freshness,below average service,good environment,below average value
Ten Stone Bar & Restaurant,2063 South St,39.9450458,-75.1769728,3.0,dinner,$$,Asian Fusion,American (New),below average flavor,below average freshness,below average service,average environment,below average value
Tequilas Restaurant,1602 Locust St,39.9485127,-75.1680322,4.0,dinner,$$$,Mexican,Not Applicable,good flavor,good freshness,average service,good environment,average value
Terakawa Ramen,204 N 9th St,39.955402,-75.154484,4.5,"lunch, dinner",$$,Japanese,Ramen,good flavor,good freshness,average service,good environment,good value
Termini Bros Bakery,12th St & Filbert St,39.9530477103,-75.1590135265,4.0,Unknown,$$,Not Applicable,Not Applicable,excellent flavor,excellent freshness,average service,good environment,good value
Termini Bros Bakery,1523 S 8th St,39.9297933,-75.1580422,4.5,Unknown,$$,Not Applicable,Not Applicable,good flavor,good freshness,good service,excellent environment,average value
TGI Fridays,4000 City Ave,40.007927,-75.211183,2.0,"dessert, lunch, dinner",$$,American (Traditional),Not Applicable,below average flavor,below average freshness,bad service,bad environment,bad value
The Abbaye,637 N 3rd St,39.9622476511,-75.1430036973,4.0,"dinner, brunch",$$,American (Traditional),Not Applicable,good flavor,good freshness,average service,good environment,good value
The Adobe Cafe,4550 Mitchell St,40.0342316,-75.2191448,3.5,dinner,$$,Mexican,Not Applicable,average flavor,below average freshness,below average service,below average environment,average value
The Bakeshop on 20th,269 S 20th St,39.9484101,-75.174133,4.5,"dessert, lunch, brunch, breakfast",$,Not Applicable,Not Applicable,excellent flavor,excellent freshness,good service,average environment,average value
The Black Sheep Pub & Restaurant,247 S 17th St,39.9484223,-75.1692901,3.5,latenight,$$,American (New),Not Applicable,average flavor,average freshness,below average service,good environment,average value
The Capital Grille,1338-46 Chestnut St,39.9506134672,-75.1636080327,4.0,dinner,$$$,American (Traditional),Italian,good flavor,good freshness,average service,good environment,average value
The Cheesecake Factory,1430 Walnut St,39.9491039,-75.1658813,3.0,"dessert, lunch, dinner, brunch",$$,American,Seafood,average flavor,below average freshness,below average service,average environment,average value
The Continental Mid-town,1801 Chestnut St,39.9519308,-75.1704529,3.5,dinner,$$,American (Traditional),Not Applicable,average flavor,average freshness,average service,good environment,average value
The Couch Tomato Cafe,102 Rector St,40.0247731,-75.2213162,4.0,"lunch, dinner",$$,Italian,Not Applicable,good flavor,good freshness,average service,good environment,average value
The Dandelion,124 S 18th St,39.951004,-75.170636,4.0,dinner,$$,British,Not Applicable,good flavor,good freshness,average service,excellent environment,average value
The Dutch,1527 S 4th St,39.9288513959,-75.1521847471,4.0,"lunch, brunch, breakfast",$$,Breakfast & Brunch,Not Applicable,good flavor,good freshness,average service,average environment,average value
The Famous 4th Street Cookie Company,51 N 12th St,39.9530717477,-75.1594193432,4.0,Unknown,$$,Not Applicable,Not Applicable,average flavor,average freshness,below average service,average environment,average value
The Foodery at Rittenhouse,1710 Sansom St,39.9505843,-75.1693697,4.0,"lunch, dinner",$$,Not Applicable,Not Applicable,average flavor,average freshness,below average service,good environment,average value
The Goat's Beard,4201 Main St,40.0238229063,-75.2201271057,4.0,dinner,$$,American (New),Not Applicable,good flavor,good freshness,average service,good environment,average value
The Gold Standard Cafe,4800 Baltimore Ave,39.9481839,-75.2196691,3.0,"lunch, brunch, breakfast",$$,American,Not Applicable,below average flavor,below average freshness,bad service,average environment,below average value
The Good King Tavern,614 S 7th St,39.941969,-75.154207,4.0,dinner,$$,French,Not Applicable,good flavor,good freshness,average service,good environment,average value
The Love,130 S 18th St,39.9506555,-75.1708991,4.0,"dessert, lunch, dinner, brunch",$$$,American (New),Not Applicable,good flavor,good freshness,good service,good environment,average value
The Olde Bar,125 Walnut St,39.9469051201,-75.1440923726,4.0,dinner,$$$,American (New),Not Applicable,good flavor,good freshness,average service,good environment,average value
The Original Tony Lukes,39 E Oregon Ave,39.9141065086,-75.1487272304,4.0,"lunch, dinner",$$,Not Applicable,Not Applicable,good flavor,good freshness,average service,average environment,good value
The Plough & the Stars,123 Chestnut St,39.948524,-75.1437297,3.5,,$$,Irish,Not Applicable,good flavor,good freshness,average service,good environment,average value
The QUICK FIXX,1511 South St,39.944064,-75.1676029,4.0,"lunch, dinner",$$,Italian,Not Applicable,good flavor,good freshness,good service,average environment,good value
The Sidecar Bar & Grille,2201 Christian St,39.9418939,-75.1794584,4.0,dinner,$$,American (New),Not Applicable,good flavor,good freshness,average service,good environment,good value
The Twisted Tail,509 S 2nd St,39.9418766,-75.1451988,4.0,"latenight, dinner",$$,American,Not Applicable,good flavor,good freshness,average service,good environment,average value
The Victor Cafe,1303 Dickinson St,39.931653,-75.166327,4.5,dinner,$$,Italian,Not Applicable,good flavor,good freshness,good service,excellent environment,good value
Three Monkeys Cafe,9645 James St,40.053857,-74.98396,3.5,"lunch, dinner",$$,American (New),Not Applicable,average flavor,average freshness,below average service,good environment,below average value
Tierra Colombiana Restaurant,4535 N 5th St,40.0205736,-75.1337987,4.0,dinner,$$,Latin American,Cuban,good flavor,good freshness,average service,good environment,good value
Tiffin,710 W Girard Ave,39.9701111,-75.1486779,3.5,dinner,$$,Indian,Pakistani,average flavor,average freshness,below average service,below average environment,average value
Time,1315 Sansom St,39.9500001533,-75.1625513634,4.0,"latenight, dinner",$$,American (New),Not Applicable,average flavor,average freshness,below average service,good environment,below average value
Ting Wong Restaurant,138 N 10th St,39.954754,-75.156191,4.0,"lunch, dinner",$$,Asian Fusion,Chinese,good flavor,good freshness,average service,average environment,good value
Tinto,114 S 20th St,39.9515011,-75.1738449,4.0,dinner,$$$,Spanish,Basque,good flavor,good freshness,average service,good environment,average value
Tom's Dim Sum,59 N 11th St,39.9532889,-75.1578543,3.5,"lunch, dinner",$$,Chinese,Shanghainese,good flavor,good freshness,average service,good environment,good value
Tommy DiNic's,1136 Arch St,39.95347837,-75.1593960603,4.0,lunch,$$,American (Traditional),Not Applicable,good flavor,good freshness,good service,average environment,good value
Tres Jalapenos,901 S 8th St,39.9384274,-75.1561557,3.5,"lunch, dinner",$$,Mexican,Not Applicable,average flavor,average freshness,below average service,below average environment,average value
Tria Cafe Rittenhouse,123 S 18th St,39.9509483,-75.1704197,4.5,,$$$,Modern European,Not Applicable,good flavor,good freshness,good service,good environment,average value
Tria Cafe Wash West,1137 Spruce St,39.9466238,-75.1609139,4.5,dinner,$$,Modern European,American (New),good flavor,good freshness,excellent service,good environment,good value
Twenty Manning,261 S 20th St,39.9486084,-75.1740323,3.5,dinner,$$,American (New),Middle Eastern,good flavor,good freshness,average service,good environment,average value
Umai Umai,533 N 22nd St,39.9646735,-75.1741002,4.5,dinner,$$,Asian Fusion,Japanese,good flavor,good freshness,good service,average environment,average value
Urban Farmer Philadelphia,1850 Benjamin Franklin Pkwy,39.957207,-75.1699827,4.0,"lunch, dinner, brunch",$$$,American (Traditional),Not Applicable,good flavor,good freshness,average service,good environment,average value
Urban Saloon,2120 Fairmount Ave,39.9670245,-75.1729544,3.0,"latenight, dinner, brunch",$$,American (New),Not Applicable,average flavor,average freshness,below average service,average environment,average value
Uzbekistan Restaurant,12012 Bustleton Ave,40.1226988,-75.0162309,4.0,dinner,$$,Uzbek,Russian,good flavor,good freshness,below average service,good environment,good value
Vango Lounge & Skybar,116 S 18th St,39.9511992,-75.1706583,2.0,Unknown,$$,Mediterranean,Greek,bad flavor,bad freshness,bad service,below average environment,bad value
Varga Bar,941 Spruce St,39.9462043942,-75.1577992928,3.5,dinner,$$,American,Not Applicable,good flavor,average freshness,below average service,good environment,average value
Veda - Modern Indian Bistro,1920 Chestnut St,39.9517805,-75.1729152,4.0,"lunch, dinner",$$,Indian,Not Applicable,good flavor,good freshness,average service,good environment,average value
Vedge,1221 Locust St,39.9479310476,-75.1614279837,4.5,dinner,$$$,Not Applicable,Not Applicable,excellent flavor,excellent freshness,good service,good environment,average value
Vernick Food & Drink,2031 Walnut St,39.950759,-75.1748461,4.5,dinner,$$$$,American (New),Not Applicable,excellent flavor,excellent freshness,good service,good environment,good value
Vetri Cucina,1312 Spruce St,39.9466441,-75.1631867,4.5,dinner,$$$$,Italian,Cuban,good flavor,good freshness,excellent service,good environment,average value
Vic Sushi Bar,2035 Sansom St,39.9515773,-75.174834,4.0,"lunch, dinner",$$,Japanese,Not Applicable,good flavor,good freshness,average service,average environment,good value
Vientiane Café,4728 Baltimore Ave,39.9483087,-75.2178905,4.0,dinner,$$,Vietnamese,Thai,good flavor,good freshness,average service,average environment,good value
Vietnam Cafe,816 S 47th St,39.9481782,-75.2168865,4.0,dinner,$$,Vietnamese,Not Applicable,good flavor,good freshness,average service,good environment,average value
Vietnam Restaurant,221 N 11th St,39.9563297,-75.157069,4.0,dinner,$$,Vietnamese,Not Applicable,good flavor,good freshness,good service,good environment,average value
Villa Di Roma,936 S 9th St,39.9379512,-75.158238,4.0,dinner,$$,Italian,Not Applicable,average flavor,average freshness,below average service,average environment,below average value
Village Whiskey,118 S 20th St,39.9514165949,-75.1737677917,4.0,dinner,$$,American (New),Not Applicable,good flavor,good freshness,average service,average environment,average value
Vintage Wine Bar,129 S 13th St,39.9495566,-75.1617091,4.0,dinner,$$,French,Not Applicable,good flavor,good freshness,average service,good environment,average value
White Dog Cafe,3420 Sansom St,39.9535582,-75.1929054,4.0,"lunch, dinner, brunch",$$,American (New),American (Traditional),average flavor,average freshness,below average service,good environment,average value
Winnie's Manayunk,4266 Main St,40.024735,-75.2222673,3.5,"lunch, brunch",$$,American (Traditional),Not Applicable,average flavor,average freshness,below average service,average environment,below average value
Wm Mulherin's Sons,1355 N Front St,39.971709,-75.135062,4.5,dinner,$$$,Italian,Szechuan,good flavor,good freshness,average service,good environment,average value
Woodrow's Sandwich Shop,630 South St,39.9419789,-75.1532317,4.5,lunch,$$,Not Applicable,Not Applicable,excellent flavor,excellent freshness,good service,average environment,good value
Woody's,202 S 13th St,39.949064,-75.16241,3.0,Unknown,$$$$,American (Traditional),Not Applicable,average flavor,average freshness,below average service,below average environment,below average value
World Cafe Live,3025 Walnut St,39.9520744759,-75.1851766256,4.0,dinner,$$,American,Not Applicable,average flavor,average freshness,average service,good environment,average value
Xfinity Live! Philadelphia,1100 Pattison Ave,39.9044484999,-75.1696318388,3.0,"latenight, dinner",$$,American (New),Not Applicable,average flavor,average freshness,below average service,good environment,average value
Xiandu Thai,1119 Walnut St,39.9490512,-75.159888,4.0,"lunch, dinner",$$,Thai,Not Applicable,good flavor,good freshness,excellent service,excellent environment,good value
XIX Nineteen,"200 S Broad St, Fl 19",39.949104,-75.164768,3.5,dinner,$$$,American (New),Seafood,average flavor,average freshness,below average service,good environment,average value
Xochitl,408 S 2nd St,39.9428742,-75.1456449,3.5,dinner,$$$,Asian Fusion,Mexican,good flavor,average freshness,average service,good environment,average value
Yakitori Boy,211 N 11th St,39.9559497,-75.1571603,3.5,"latenight, dinner",$$,Japanese,Not Applicable,good flavor,average freshness,average service,good environment,average value
Yamitsuki Ramen,1028 Arch St,39.9535423,-75.1574552,3.5,"lunch, dinner",$$,Japanese,Not Applicable,average flavor,average freshness,average service,good environment,average value
Yanako,4345 Main St,40.0256009,-75.2234981,4.0,dinner,$$,Japanese,Not Applicable,average flavor,average freshness,below average service,good environment,below average value
Yards Brewing Company,500 Spring Garden St,39.9609706195,-75.146908,4.0,Unknown,$$,American (Traditional),American (New),good flavor,good freshness,good service,good environment,good value
Zahav,237 St James Pl,39.9462611465,-75.1451350779,4.5,dinner,$$$$,Middle Eastern,Israeli,excellent flavor,excellent freshness,excellent service,excellent environment,good value
Zama,128 S 19th St,39.9509073,-75.1723929,3.5,dinner,$$$,Japanese,Not Applicable,good flavor,good freshness,average service,good environment,average value
Zorba's Taverna,2230 Fairmount Ave,39.9671642,-75.1748969,4.5,dinner,$$,Mediterranean,Greek,excellent flavor,good freshness,good service,good environment,good value
